{
  "__comment": "Instructions: https://blakesmods.com/docs/cucumber/tags-config",
  "forge:ingots/electrum": "createaddition:electrum_ingot",
  "forge:ingots/invar": "thermal:invar_ingot",
  "forge:ingots/constantan": "thermal:constantan_ingot",
  "forge:gems/ruby": "thermal:ruby",
  "forge:ingots/aluminum": "exnihilosequentia:aluminum_ingot",
  "forge:gems/apatite": "thermal:apatite",
  "forge:ingots/uranium": "biggerreactors:uranium_ingot",
  "forge:ingots/titanium": "chemlib:titanium_ingot",
  "forge:ingots/graphite": "biggerreactors:graphite_ingot",
  "forge:ingots/silver": "exnihilosequentia:silver_ingot",
  "forge:ingots/platinum": "exnihilosequentia:platinum_ingot",
  "forge:ingots/tin": "mekanism:ingot_tin",
  "forge:silicon": "ae2:silicon",
  "forge:ingots/zinc": "create:zinc_ingot",
  "forge:ingots/chrome": "null",
  "forge:ingots/brass": "create:brass_ingot",
  "forge:rubber": "null",
  "forge:gems/sapphire": "thermal:sapphire",
  "forge:dusts/niter": "thermal:niter_dust",
  "forge:ingots/tungsten": "chemlib:tungsten_ingot",
  "forge:dusts/saltpeter": "null",
  "forge:ingots/iridium": "chemlib:iridium_ingot",
  "forge:dusts/sulfur": "mekanism:dust_sulfur",
  "forge:ingots/steel": "mekanism:ingot_steel",
  "forge:ingots/nickel": "exnihilosequentia:nickel_ingot",
  "forge:ingots/mithril": "null",
  "forge:ingots/lead": "mekanism:ingot_lead",
  "forge:ingots/bronze": "mekanism:ingot_bronze",
  "forge:ingots/enderium": "thermal:enderium_ingot",
  "forge:ingots/signalum": "thermal:signalum_ingot",
  "forge:ingots/lumium": "thermal:lumium_ingot"
}